delete from customer;
delete from owner;
delete from book;
delete from publisher;
delete from sale_order;
delete from address;
delete from prequel;
delete from sequel;
delete from owns;
delete from cart;
delete from purchased;
delete from sale;
delete from published;
delete from publisher_addr;
delete from customer_addr;
delete from shipping_addr;
insert into customer values ('poppymuffin11', 'poppy59', 'Poppy Muffit', 'poppymuffin@poppy.com');
insert into customer values ('peachesncream20', 'peaches16', 'Peaches McCraig', 'peachesncream@peaches.com');
insert into customer values ('raccoonsweater81', 'sweater64weather', 'Rogue Summit', 'rogueraccoon@sweater.com');
insert into owner values ('bookseller57', 'booksrgr8', 'Rudy Jenkins', 'rudyjenkins@books4all.com');
insert into owner values ('bookworm4', 'readmore78', 'Daniela Antonelli', 'danielaantonelli@books4all.com');
insert into owner values ('booksrnothteend6', 'bookend90', 'Robert Sharp', 'robertsharp@books4all.com');
insert into book values ('CU73345107', 'The Sallow Crystal', 'Hanley Geis', 2012, 'Fantasy', 732, 24.99);
insert into book values ('AJ91867361', 'Sign of the Painted Pyramid', 'Gregory Maxwell', 1991, 'Mystery', 860, 18.49);
insert into book values ('SD25204493', 'I Bet the Pot', 'Clarissa Collins', 1974, 'Romance', 1438, 23.59);
insert into book values ('NA70501586', 'Apocalypse Dawning', 'Gabrielle Macy', 2017, 'Sci-Fi', 1554, 35.79);
insert into book values ('LI33210846', 'Crimson Prey', 'Dana Eland', 2016, 'Crime', 1436, 49.99);
insert into book values ('PI13463333', 'Case of the Invisible Corgi', 'Sybil Allen', 2010, 'Mystery', 356, 9.99);
insert into book values ('WL19961368', 'Shot for Sorrow', 'Sienna Burrows', 2006, 'Crime', 1254, 26.89);
insert into book values ('HD55508437', 'Storm of Dawn', 'Hanley Geis', 2014, 'Fantasy', 775, 41.98);
insert into book values ('WG23129042', 'Year of the Maid', 'Clarissa Collins', 1995, 'Romance', 1839, 22.19);
insert into book values ('EX90340198', 'Dust Sinking', 'Gabrielle Macy', 2019, 'Sci-Fi', 1402, 31.39);
insert into publisher values ('Randall Associates', 'rap@rapublishing.com', '555-896-4125', 589624);
insert into publisher values ('Storymasters Inc', 'storymaster@storymasters.com', '555-718-2493', 1465423);
insert into publisher values ('Illumina Publishing', 'illumina@illuminapub.com', '555-297-6157', 2697965);
insert into sale_order values ('2796767243', 'Poppy Muffit Billing info', 28.48);
insert into sale_order values ('6101916573', 'Peaches McCraig Billing info', 48.58);
insert into sale_order values ('9746766916', 'Poppy Muffit Billing info', 95.77);
insert into sale_order values ('4894674205', 'Rogue Summit Billing info', 94.07);
insert into sale_order values ('5475001773', 'Peaches McCraig Billing info', 64.17);
insert into address values (108, 'Milton Rd', 'T9C 3M2', 'Vegreville', 'AB');
insert into address values (196, 'Nelson Rd', 'P2B 9L4', 'Sturgeon Falls', 'ON');
insert into address values (258, 'Rue Beldevere', 'G5H 6H2', 'Mont-Joli', 'QC');
insert into address values (340, 'Brook Rd', 'E8E 4S0', 'Balmoral', 'NB');
insert into address values (16, 'Canterbury Dr', 'R6W 8B8', 'Winkler', 'MB');
insert into address values (76, 'Route 44', 'V8B 8Y3', 'Squamish', 'BC');
insert into address values (4, 'Main St', 'X1A 9H4', 'Yellowknife', 'NT');
insert into address values (154, 'Inverness Dr', 'B3T 4C9', 'Lakeside', 'NS');
insert into prequel values ('HD55508437', 'CU73345107');
insert into prequel values ('WG23129042', 'SD25204493');
insert into prequel values ('EX90340198', 'NA70501586');
insert into sequel values ('CU73345107', 'HD55508437');
insert into sequel values ('SD25204493', 'WG23129042');
insert into sequel values ('NA70501586', 'EX90340198');
insert into owns values ('bookseller57', 'CU73345107');
insert into owns values ('bookseller57', 'HD55508437');
insert into owns values ('bookseller57', 'AJ91867361');
insert into owns values ('bookseller57', 'LI33210846');
insert into owns values ('bookseller57', 'PI13463333');
insert into owns values ('bookworm4', 'SD25204493');
insert into owns values ('bookworm4', 'WG23129042');
insert into owns values ('bookworm4', 'WL19961368');
insert into owns values ('bookworm4', 'AJ91867361');
insert into owns values ('booksrnothteend6', 'CU73345107');
insert into owns values ('booksrnothteend6', 'HD55508437');
insert into owns values ('booksrnothteend6', 'NA70501586');
insert into owns values ('booksrnothteend6', 'EX90340198');
insert into cart values ('raccoonsweater81', 'CU73345107');
insert into cart values ('raccoonsweater81', 'LI33210846');
insert into purchased values ('2796767243', 'PI13463333');
insert into purchased values ('2796767243', 'AJ91867361');
insert into purchased values ('6101916573', 'CU73345107');
insert into purchased values ('6101916573', 'SD25204493');
insert into purchased values ('9746766916', 'SD25204493');
insert into purchased values ('9746766916', 'LI33210846');
insert into purchased values ('9746766916', 'WG23129042');
insert into purchased values ('4894674205', 'WL19961368');
insert into purchased values ('4894674205', 'NA70501586');
insert into purchased values ('4894674205', 'EX90340198');
insert into purchased values ('5475001773', 'HD55508437');
insert into purchased values ('5475001773', 'WG23129042');
insert into sale values ('2796767243', 'poppymuffin11');
insert into sale values ('6101916573', 'peachesncream20');
insert into sale values ('9746766916', 'poppymuffin11');
insert into sale values ('4894674205', 'raccoonsweater81');
insert into sale values ('5475001773', 'peachesncream20');
insert into published values ('CU73345107', 'Randall Associates');
insert into published values ('HD55508437', 'Randall Associates');
insert into published values ('AJ91867361', 'Randall Associates');
insert into published values ('NA70501586', 'Storymasters Inc');
insert into published values ('EX90340198', 'Storymasters Inc');
insert into published values ('PI13463333', 'Storymasters Inc');
insert into published values ('LI33210846', 'Storymasters Inc');
insert into published values ('SD25204493', 'Illumina Publishing');
insert into published values ('WL19961368', 'Illumina Publishing');
insert into published values ('WG23129042', 'Illumina Publishing');
insert into publisher_addr values ('Randall Associates', 108, 'Milton Rd', 'T9C 3M2');
insert into publisher_addr values ('Storymasters Inc', 16, 'Canterbury Dr', 'R6W 8B8');
insert into publisher_addr values ('Illumina Publishing', 76, 'Route 44', 'V8B 8Y3');
insert into customer_addr values ('poppymuffin11', 196, 'Nelson Rd', 'P2B 9L4');
insert into customer_addr values ('peachesncream20', 258, 'Rue Beldevere', 'G5H 6H2');
insert into customer_addr values ('raccoonsweater81', 4, 'Main St', 'X1A 9H4');
insert into shipping_addr values ('2796767243', 196, 'Nelson Rd', 'P2B 9L4');
insert into shipping_addr values ('6101916573', 340, 'Brook Rd', 'E8E 4S0');
insert into shipping_addr values ('9746766916', 196, 'Nelson Rd', 'P2B 9L4');
insert into shipping_addr values ('4894674205', 4, 'Main St', 'X1A 9H4');
insert into shipping_addr values ('5475001773', 154, 'Inverness Dr', 'B3T 4C9');
